id_cp_interaction,partner_a,protein_name_a,receptor_symbol_a,partner_b,protein_name_b,TF_symbol_a,Effect,Source,Curator,Xrefs_or_figures,Brivanlou_class,Condition
,ACVL1_ACVR2A,,ACVL1_ACVR2A,,,SMAD1,1,Uniprot;PMID:25136781,LGarciaAlonso,https://www.jbc.org/content/273/40/25628/F9.medium.gif,IIB3b_RL_signal_dependent_cytoplasmic,
,ACVL1_ACVR2A,,ACVL1_ACVR2A,,,SMAD5,1,Uniprot;PMID:25136781,LGarciaAlonso,https://www.jbc.org/content/273/40/25628/F9.medium.gif,IIB3b_RL_signal_dependent_cytoplasmic,
,ACVL1_ACVR2A,,ACVL1_ACVR2A,,,SMAD8,1,Uniprot;PMID:25136781,LGarciaAlonso,https://www.jbc.org/content/273/40/25628/F9.medium.gif,IIB3b_RL_signal_dependent_cytoplasmic,
,ACVL1_BMPR2,,ACVL1_BMPR2,,,SMAD1,1,Uniprot;PMID:25136781,LGarciaAlonso,https://www.jbc.org/content/273/40/25628/F9.medium.gif,IIB3b_RL_signal_dependent_cytoplasmic,
,ACVL1_BMPR2,,ACVL1_BMPR2,,,SMAD5,1,Uniprot;PMID:25136781,LGarciaAlonso,https://www.jbc.org/content/273/40/25628/F9.medium.gif,IIB3b_RL_signal_dependent_cytoplasmic,
,ACVL1_BMPR2,,ACVL1_BMPR2,,,SMAD8,1,Uniprot;PMID:25136781,LGarciaAlonso,https://www.jbc.org/content/273/40/25628/F9.medium.gif,IIB3b_RL_signal_dependent_cytoplasmic,
,ACVR_1A2A_receptor,,ACVR_1A2A_receptor,,,SMAD1,1,Uniprot;PMID:25136781,LGarciaAlonso,https://www.jbc.org/content/273/40/25628/F9.medium.gif,IIB3b_RL_signal_dependent_cytoplasmic,
,ACVR_1A2A_receptor,,ACVR_1A2A_receptor,,,SMAD5,1,Uniprot;PMID:25136781,LGarciaAlonso,https://www.jbc.org/content/273/40/25628/F9.medium.gif,IIB3b_RL_signal_dependent_cytoplasmic,
,ACVR_1A2A_receptor,,ACVR_1A2A_receptor,,,SMAD8,1,Uniprot;PMID:25136781,LGarciaAlonso,https://www.jbc.org/content/273/40/25628/F9.medium.gif,IIB3b_RL_signal_dependent_cytoplasmic,
,ACVR_1A2B_receptor,,ACVR_1A2B_receptor,,,SMAD1,1,Uniprot;PMID:25136781,LGarciaAlonso,https://www.jbc.org/content/273/40/25628/F9.medium.gif,IIB3b_RL_signal_dependent_cytoplasmic,
,ACVR_1A2B_receptor,,ACVR_1A2B_receptor,,,SMAD5,1,Uniprot;PMID:25136781,LGarciaAlonso,https://www.jbc.org/content/273/40/25628/F9.medium.gif,IIB3b_RL_signal_dependent_cytoplasmic,
,ACVR_1A2B_receptor,,ACVR_1A2B_receptor,,,SMAD8,1,Uniprot;PMID:25136781,LGarciaAlonso,https://www.jbc.org/content/273/40/25628/F9.medium.gif,IIB3b_RL_signal_dependent_cytoplasmic,
,ACVR_1B2B_receptor,,ACVR_1B2B_receptor,,,SMAD2,1,Uniprot;PMID:25136781,LGarciaAlonso,https://www.jbc.org/content/273/40/25628/F9.medium.gif,IIB3b_RL_signal_dependent_cytoplasmic,
,ACVR_1B2B_receptor,,ACVR_1B2B_receptor,,,SMAD3,1,Uniprot;PMID:25136781,LGarciaAlonso,https://www.jbc.org/content/273/40/25628/F9.medium.gif,IIB3b_RL_signal_dependent_cytoplasmic,
,ACVR1_BMPR2,,ACVR1_BMPR2,,,SMAD1,1,Uniprot;PMID:25136781,LGarciaAlonso,https://www.jbc.org/content/273/40/25628/F9.medium.gif,IIB3b_RL_signal_dependent_cytoplasmic,
,ACVR1_BMPR2,,ACVR1_BMPR2,,,SMAD5,1,Uniprot;PMID:25136781,LGarciaAlonso,https://www.jbc.org/content/273/40/25628/F9.medium.gif,IIB3b_RL_signal_dependent_cytoplasmic,
,ACVR1_BMPR2,,ACVR1_BMPR2,,,SMAD8,1,Uniprot;PMID:25136781,LGarciaAlonso,https://www.jbc.org/content/273/40/25628/F9.medium.gif,IIB3b_RL_signal_dependent_cytoplasmic,
,P30556,AGTR1_HUMAN,AGTR1,,,STAT1,1,,LGarciaAlonso,,IIB3b_RL_signal_dependent_cytoplasmic,
,P30556,AGTR1_HUMAN,AGTR2,,,STAT3,1,,LGarciaAlonso,,IIB3b_RL_signal_dependent_cytoplasmic,
,P30556,AGTR1_HUMAN,AGTR3,,,STAT5A,1,,LGarciaAlonso,,IIB3b_RL_signal_dependent_cytoplasmic,
,P30556,AGTR1_HUMAN,AGTR3,,,STAT5B,1,,LGarciaAlonso,,IIB3b_RL_signal_dependent_cytoplasmic,
,P30556,AGTR1_HUMAN,AGTR4,,,STAT6,1,,LGarciaAlonso,,IIB3b_RL_signal_dependent_cytoplasmic,
,P30556,AGTR1_HUMAN,AGTR5,,,STAT2,1,,LGarciaAlonso,,IIB3b_RL_signal_dependent_cytoplasmic,
,P10275,ANDR_HUMAN,AR,,,AR,1,selfAssos,LGarciaAlonso,,IIB1_steroid_receptor,
,BMPR1A_BMPR2,,BMPR1A_BMPR2,,,SMAD1,1,Uniprot;PMID:25136781,LGarciaAlonso,,IIB3b_RL_signal_dependent_cytoplasmic,
,BMPR1A_BMPR2,,BMPR1A_BMPR2,,,SMAD5,1,Uniprot;PMID:25136781,LGarciaAlonso,,IIB3b_RL_signal_dependent_cytoplasmic,
,BMPR1A_BMPR2,,BMPR1A_BMPR2,,,SMAD8,1,Uniprot;PMID:25136781,LGarciaAlonso,,IIB3b_RL_signal_dependent_cytoplasmic,
,BMPR1B_BMPR2,,BMPR1B_BMPR2,,,SMAD1,1,Uniprot;PMID:25136781,LGarciaAlonso,,IIB3b_RL_signal_dependent_cytoplasmic,
,BMPR1B_BMPR2,,BMPR1B_BMPR2,,,SMAD5,1,Uniprot;PMID:25136781,LGarciaAlonso,,IIB3b_RL_signal_dependent_cytoplasmic,
,BMPR1B_BMPR2,,BMPR1B_BMPR2,,,SMAD8,1,Uniprot;PMID:25136781,LGarciaAlonso,,IIB3b_RL_signal_dependent_cytoplasmic,
,BMPR1B_BMPR2_ACVR1B,,BMPR1B_BMPR2_ACVR1B,,,SMAD1,1,Uniprot;PMID:25136781,LGarciaAlonso,,IIB3b_RL_signal_dependent_cytoplasmic,
,BMPR1B_BMPR2_ACVR1B,,BMPR1B_BMPR2_ACVR1B,,,SMAD5,1,Uniprot;PMID:25136781,LGarciaAlonso,,IIB3b_RL_signal_dependent_cytoplasmic,
,BMPR1B_BMPR2_ACVR1B,,BMPR1B_BMPR2_ACVR1B,,,SMAD8,1,Uniprot;PMID:25136781,LGarciaAlonso,,IIB3b_RL_signal_dependent_cytoplasmic,
,BMR1A_ACR2A,,BMR1A_ACR2A,,,SMAD1,1,Uniprot;PMID:25136781,LGarciaAlonso,https://www.jbc.org/content/273/40/25628/F9.medium.gif,IIB3b_RL_signal_dependent_cytoplasmic,
,BMR1A_ACR2A,,BMR1A_ACR2A,,,SMAD5,1,Uniprot;PMID:25136781,LGarciaAlonso,https://www.jbc.org/content/273/40/25628/F9.medium.gif,IIB3b_RL_signal_dependent_cytoplasmic,
,BMR1A_ACR2A,,BMR1A_ACR2A,,,SMAD8,1,Uniprot;PMID:25136781,LGarciaAlonso,https://www.jbc.org/content/273/40/25628/F9.medium.gif,IIB3b_RL_signal_dependent_cytoplasmic,
,BMR1A_AVR2B,,BMR1A_AVR2B,,,SMAD1,1,Uniprot;PMID:25136781,LGarciaAlonso,https://www.jbc.org/content/273/40/25628/F9.medium.gif,IIB3b_RL_signal_dependent_cytoplasmic,
,BMR1A_AVR2B,,BMR1A_AVR2B,,,SMAD5,1,Uniprot;PMID:25136781,LGarciaAlonso,https://www.jbc.org/content/273/40/25628/F9.medium.gif,IIB3b_RL_signal_dependent_cytoplasmic,
,BMR1A_AVR2B,,BMR1A_AVR2B,,,SMAD8,1,Uniprot;PMID:25136781,LGarciaAlonso,https://www.jbc.org/content/273/40/25628/F9.medium.gif,IIB3b_RL_signal_dependent_cytoplasmic,
,BMR1B_AVR2A,,BMR1B_AVR2A,,,SMAD1,1,Uniprot;PMID:25136781,LGarciaAlonso,https://www.jbc.org/content/273/40/25628/F9.medium.gif,IIB3b_RL_signal_dependent_cytoplasmic,
,BMR1B_AVR2A,,BMR1B_AVR2A,,,SMAD5,1,Uniprot;PMID:25136781,LGarciaAlonso,https://www.jbc.org/content/273/40/25628/F9.medium.gif,IIB3b_RL_signal_dependent_cytoplasmic,
,BMR1B_AVR2A,,BMR1B_AVR2A,,,SMAD8,1,Uniprot;PMID:25136781,LGarciaAlonso,https://www.jbc.org/content/273/40/25628/F9.medium.gif,IIB3b_RL_signal_dependent_cytoplasmic,
,BMR1B_AVR2B,,BMR1B_AVR2B,,,SMAD1,1,Uniprot;PMID:25136781,LGarciaAlonso,https://www.jbc.org/content/273/40/25628/F9.medium.gif,IIB3b_RL_signal_dependent_cytoplasmic,
,BMR1B_AVR2B,,BMR1B_AVR2B,,,SMAD5,1,Uniprot;PMID:25136781,LGarciaAlonso,https://www.jbc.org/content/273/40/25628/F9.medium.gif,IIB3b_RL_signal_dependent_cytoplasmic,
,BMR1B_AVR2B,,BMR1B_AVR2B,,,SMAD8,1,Uniprot;PMID:25136781,LGarciaAlonso,https://www.jbc.org/content/273/40/25628/F9.medium.gif,IIB3b_RL_signal_dependent_cytoplasmic,
,P61073,CXCR4_HUMAN,CXCR4,,,STAT1,1,,LGarciaAlonso,,IIB3b_RL_signal_dependent_cytoplasmic,
,P61073,CXCR4_HUMAN,CXCR4,,,STAT3,1,,LGarciaAlonso,,IIB3b_RL_signal_dependent_cytoplasmic,
,P61073,CXCR4_HUMAN,CXCR4,,,STAT4,1,,LGarciaAlonso,,IIB3b_RL_signal_dependent_cytoplasmic,
,P61073,CXCR4_HUMAN,CXCR4,,,STAT5A,1,,LGarciaAlonso,,IIB3b_RL_signal_dependent_cytoplasmic,
,P61073,CXCR4_HUMAN,CXCR4,,,STAT5B,1,,LGarciaAlonso,,IIB3b_RL_signal_dependent_cytoplasmic,
,P61073,CXCR4_HUMAN,CXCR4,,,STAT6,1,,LGarciaAlonso,,IIB3b_RL_signal_dependent_cytoplasmic,
,P00533,EGFR_HUMAN,EGFR,,,STAT1,1,Uniprot;PBMID: 8524316,LGarciaAlonso;RuxTes ,,IIB3b_RL_signal_dependent_cytoplasmic,
,P00533,EGFR_HUMAN,EGFR,,,STAT3,1,Uniprot;PBMID: 8524316,LGarciaAlonso;RuxTes ,,IIB3b_RL_signal_dependent_cytoplasmic,
,P00533,EGFR_HUMAN,EGFR,,,STAT5A,1,Uniprot;PBMID: 8524316,LGarciaAlonso;RuxTes ,,IIB3b_RL_signal_dependent_cytoplasmic,
,P00533,EGFR_HUMAN,EGFR,,,STAT5B,1,Uniprot,LGarciaAlonso,,IIB3b_RL_signal_dependent_cytoplasmic,
,P19235,EPOR_HUMAN,EPOR,,,STAT1,1,Uniprot,LGarciaAlonso,,IIB3b_RL_signal_dependent_cytoplasmic,
,P19235,EPOR_HUMAN,EPOR,,,STAT3,1,Uniprot,LGarciaAlonso,,IIB3b_RL_signal_dependent_cytoplasmic,
,P19235,EPOR_HUMAN,EPOR,,,STAT5A,1,Uniprot;PMID: 8665851,LGarciaAlonso;RuxTes ,,IIB3b_RL_signal_dependent_cytoplasmic,
,P19235,EPOR_HUMAN,EPOR,,,STAT5B,1,Uniprot,LGarciaAlonso,,IIB3b_RL_signal_dependent_cytoplasmic,
,Q15303,ERBB4_HUMAN,ERBB4,,,STAT5A,1,PMID: 15863494,RuxTes ,,,
,P03372,ESR1_HUMAN,ESR1,,,ESR1,1,selfAssos,LGarciaAlonso,,IIB1_steroid_receptor,
,Q92731,ESR2_HUMAN,ESR2,,,ESR2,1,selfAssos,LGarciaAlonso,,IIB1_steroid_receptor,
,FGFR2,FGFR2_HUMAN,FGFR2,,,ESR1,-1,PMID: 29180470; PMID: 27236187 ,RuxTes ,,,
,P23945,FSHR_HUMAN,FSHR,,,FOXO1,-1,PMID:11875118,LGarciaAlonso,,IIA_developmental,
,P23945,FSHR_HUMAN,FSHR,,,FOXO3,-1,PMID:11875118,LGarciaAlonso,,IIA_developmental,
,FZD7_LRP5,,FZD7_LRP5,,,TBXT,1,PMID:27641648;https://doi.org/10.1016/C2015-0-05642-8,LGarciaAlonso,,IIA_developmental,
,FZD7_LRP6,,FZD7_LRP6,,,TBXT,1,PMID:27641648;https://doi.org/10.1016/C2015-0-05642-8,LGarciaAlonso,,IIA_developmental,
,P41235,HNF4A_HUMAN,HNF4A,,,HNF4A,1,selfAssos,LGarciaAlonso,,IIB1_steroid_receptor,
,Q14541,HNF4G_HUMAN,HNF4G,,,HNF4G,1,selfAssos,LGarciaAlonso,,IIB1_steroid_receptor,
,IL1_receptor,,IL1_receptor,,,NFKB1,1,,LGarciaAlonso,,IIB3b_RL_signal_dependent_cytoplasmic,
,IL10_receptor,,IL10_receptor,,,STAT1,1,Uniprot,LGarciaAlonso,,IIB3b_RL_signal_dependent_cytoplasmic,
,IL10_receptor,,IL10_receptor,,,STAT3,1,Uniprot,LGarciaAlonso,,IIB3b_RL_signal_dependent_cytoplasmic,
,IL10_receptor,,IL10_receptor,,,STAT5A,1,Uniprot,LGarciaAlonso,,IIB3b_RL_signal_dependent_cytoplasmic,
,IL10_receptor,,IL10_receptor,,,STAT5B,1,Uniprot,LGarciaAlonso,,IIB3b_RL_signal_dependent_cytoplasmic,
,IL12_receptor,,IL12_receptor,,,STAT1,1,Uniprot,LGarciaAlonso,,IIB3b_RL_signal_dependent_cytoplasmic,
,IL12_receptor,,IL12_receptor,,,STAT3,1,Uniprot,LGarciaAlonso,,IIB3b_RL_signal_dependent_cytoplasmic,
,IL12_receptor,,IL12_receptor,,,STAT4,1,Uniprot,LGarciaAlonso,,IIB3b_RL_signal_dependent_cytoplasmic,
,IL12_receptor,,IL12_receptor,,,STAT5A,1,Uniprot,LGarciaAlonso,,IIB3b_RL_signal_dependent_cytoplasmic,
,IL12_receptor,,IL12_receptor,,,STAT5B,1,Uniprot,LGarciaAlonso,,IIB3b_RL_signal_dependent_cytoplasmic,
,IL12_receptor,,IL12_receptor,,,STAT6,1,Uniprot,LGarciaAlonso,,IIB3b_RL_signal_dependent_cytoplasmic,
,IL2_receptor_I,,IL2_receptor_I,,,STAT1,1,Uniprot,LGarciaAlonso,,IIB3b_RL_signal_dependent_cytoplasmic,
,IL2_receptor_I,,IL2_receptor_I,,,STAT3,1,Uniprot,LGarciaAlonso,,IIB3b_RL_signal_dependent_cytoplasmic,
,IL2_receptor_I,,IL2_receptor_I,,,STAT4,1,Uniprot,LGarciaAlonso,,IIB3b_RL_signal_dependent_cytoplasmic,
,IL2_receptor_I,,IL2_receptor_I,,,STAT5A,1,Uniprot;PMID: 9597132,LGarciaAlonso;RuxTes ,,IIB3b_RL_signal_dependent_cytoplasmic,
,IL2_receptor_I,,IL2_receptor_I,,,STAT5B,1,Uniprot,LGarciaAlonso,,IIB3b_RL_signal_dependent_cytoplasmic,
,IL2_receptor_I,,IL2_receptor_I,,,STAT6,1,Uniprot,LGarciaAlonso,,IIB3b_RL_signal_dependent_cytoplasmic,
,IL3_receptor,,IL3_receptor,,,STAT1,1,Uniprot,LGarciaAlonso,,IIB3b_RL_signal_dependent_cytoplasmic,
,IL3_receptor,,IL3_receptor,,,STAT3,1,Uniprot,LGarciaAlonso,,IIB3b_RL_signal_dependent_cytoplasmic,
,IL3_receptor,,IL3_receptor,,,STAT5A,1,Uniprot,LGarciaAlonso,,IIB3b_RL_signal_dependent_cytoplasmic,
,IL3_receptor,,IL3_receptor,,,STAT5B,1,Uniprot,LGarciaAlonso,,IIB3b_RL_signal_dependent_cytoplasmic,
,IL3_receptor,,IL3_receptor,,,STAT6,1,Uniprot,LGarciaAlonso,,IIB3b_RL_signal_dependent_cytoplasmic,
,IL4_receptor,,IL4_receptor,,,STAT5A,1,,RuxTes ,,IIB3b_RL_signal_dependent_cytoplasmic,
,IL4_receptor,,IL4_receptor,,,STAT6,1,PMID: 8602263; PMID: 25145352,RuxTes ,,IIB3b_RL_signal_dependent_cytoplasmic,
,IL5_receptor,,IL5_receptor,,,SOX4,1,PMID:11498591,RuxTes ,,IIB3b_RL_signal_dependent_cytoplasmic,
,IL6_receptor,,IL6_receptor,,,STAT1,1,Uniprot,LGarciaAlonso,,IIB3b_RL_signal_dependent_cytoplasmic,
,IL6_receptor,,IL6_receptor,,,STAT3,1,Uniprot,LGarciaAlonso,,IIB3b_RL_signal_dependent_cytoplasmic,
,IL7_receptor,,IL7_receptor,,,STAT5A,1,PMID: 9597132,RuxTes ,,IIB3b_RL_signal_dependent_cytoplasmic,
,P06213,INSR_HUMAN,INSR,,,FOXO1,-1,Uniprot,LGarciaAlonso,,IIA_developmental,
,P10721,KIT_HUMAN,KIT,,,STAT1,1,Uniprot;PMID:10358045;PMID: 9355737,LGarciaAlonso;RuxTes ,,IIB3b_RL_signal_dependent_cytoplasmic,
,P10721,KIT_HUMAN,KIT,,,STAT3,1,Uniprot,LGarciaAlonso,,IIB3b_RL_signal_dependent_cytoplasmic,
,P10721,KIT_HUMAN,KIT,,,STAT5A,1,Uniprot;PMID:10358045,LGarciaAlonso,,IIB3b_RL_signal_dependent_cytoplasmic,
,P10721,KIT_HUMAN,KIT,,,STAT5B,1,Uniprot;PMID:10358045,LGarciaAlonso,,IIB3b_RL_signal_dependent_cytoplasmic,
,,,LHCGR,,,FOXO1,-1,PMID:11875118,LGarciaAlonso,,IIA_developmental,
,,,LHCGR,,,FOXO3,-1,PMID:11875118,LGarciaAlonso,,IIA_developmental,
,,,MERTK,,,STAT1,1,Uniprot,LGarciaAlonso,,IIB3b_RL_signal_dependent_cytoplasmic,
,,,NOTCH1,,,EOMES,1,PMID:19265115,LGarciaAlonso,,IIB3b_RL_signal_dependent_cytoplasmic,
,,,NOTCH1,,,HES1,1,Uniprot;NetPath;PMID 10520600,LGarciaAlonso;RuxTes ,,IIB3b_RL_signal_dependent_cytoplasmic,
,,,NOTCH2,,,HES1,1,Uniprot;NetPath;PMID 10520600,LGarciaAlonso;RuxTes ,,IIB3b_RL_signal_dependent_cytoplasmic,
,,,NOTCH1,,,HES5,1,Uniprot;NetPath;PMID 10520600,LGarciaAlonso;RuxTes ,,IIB3b_RL_signal_dependent_cytoplasmic,
,,,NOTCH1,,,HEY1,1,Uniprot;NetPath,LGarciaAlonso,,IIB3b_RL_signal_dependent_cytoplasmic,
,,,NOTCH1,,,HEY2,1,Uniprot;NetPath,LGarciaAlonso,,IIB3b_RL_signal_dependent_cytoplasmic,
,,,NOTCH1,,,RBPJ,1,Uniprot;signalink;PMID:10637481;PMID:8749394;NetPath;PMID: 22718343; PMID: 12039915; PMID: 16921404,LGarciaAlonso;RuxTes ,,IIB3b_RL_signal_dependent_cytoplasmic,
,,,NOTCH2,,,RBPJ,1,PMID: 22718343; PMID: 12039915; PMID: 16921404,RuxTes ,,IIB3b_RL_signal_dependent_cytoplasmic,
,,,NOTCH3,,,RBPJ,1,PMID: 22718343; PMID: 12039915; PMID: 16921405,RuxTes ,,IIB3b_RL_signal_dependent_cytoplasmic,
,,,NOTCH4,,,RBPJ,1,PMID: 22718343; PMID: 12039915; PMID: 16921406,RuxTes ,,IIB3b_RL_signal_dependent_cytoplasmic,
,,,NOTCH2,,,ID4,1,PMID:31390563,LGarciaAlonso,,IIB3b_RL_signal_dependent_cytoplasmic,
,,,NOTCH3,,,HES4,1,PMID:27791012,LGarciaAlonso,,IIB3b_RL_signal_dependent_cytoplasmic,
,,,NOTCH4,,,HEYL,1,PMID:27791013,LGarciaAlonso,,IIB3b_RL_signal_dependent_cytoplasmic,
,,,NOTCH5,,,HEY1,1,PMID:27791014,LGarciaAlonso,,IIB3b_RL_signal_dependent_cytoplasmic,
,,,NOTCH6,,,HEY2,1,PMID:27791015,LGarciaAlonso,,IIB3b_RL_signal_dependent_cytoplasmic,
,,,NR0B1,,,NR0B1,1,selfAssos,LGarciaAlonso,,IIB1_steroid_receptor,
,,,NR0B2,,,NR0B2,1,selfAssos,LGarciaAlonso,,IIB1_steroid_receptor,
,,,NR1D1,,,NR1D1,1,selfAssos,LGarciaAlonso,,IIB1_steroid_receptor,
,,,NR1D2,,,NR1D2,1,selfAssos,LGarciaAlonso,,IIB1_steroid_receptor,
,,,NR1H2,,,NR1H2,1,selfAssos,LGarciaAlonso,,IIB1_steroid_receptor,
,,,NR1H3,,,NR1H3,1,selfAssos,LGarciaAlonso,,IIB1_steroid_receptor,
,,,NR1H4,,,NR1H4,1,selfAssos,LGarciaAlonso,,IIB1_steroid_receptor,
,,,NR1I2,,,NR1I2,1,selfAssos,LGarciaAlonso,,IIB1_steroid_receptor,
,,,NR1I3,,,NR1I3,1,selfAssos,LGarciaAlonso,,IIB1_steroid_receptor,
,,,NR2C1,,,NR2C1,1,selfAssos,LGarciaAlonso,,IIB1_steroid_receptor,
,,,NR2C2,,,NR2C2,1,selfAssos,LGarciaAlonso,,IIB1_steroid_receptor,
,,,NR2E1,,,NR2E1,1,selfAssos,LGarciaAlonso,,IIB1_steroid_receptor,
,,,NR2E3,,,NR2E3,1,selfAssos,LGarciaAlonso,,IIB1_steroid_receptor,
,,,NR2F1,,,NR2F1,1,selfAssos,LGarciaAlonso,,IIB1_steroid_receptor,
,,,NR2F2,,,NR2F2,1,selfAssos,LGarciaAlonso,,IIB1_steroid_receptor,
,,,NR2F6,,,NR2F6,1,selfAssos,LGarciaAlonso,,IIB1_steroid_receptor,
,,,NR3C1,,,NR3C1,1,selfAssos,LGarciaAlonso,,IIB1_steroid_receptor,
,,,NR3C2,,,NR3C2,1,selfAssos,LGarciaAlonso,,IIB1_steroid_receptor,
,,,NR4A1,,,NR4A1,1,selfAssos,LGarciaAlonso,,IIB1_steroid_receptor,
,,,NR4A2,,,NR4A2,1,selfAssos,LGarciaAlonso,,IIB1_steroid_receptor,
,,,NR4A3,,,NR4A3,1,selfAssos,LGarciaAlonso,,IIB1_steroid_receptor,
,,,NR5A1,,,NR5A1,1,selfAssos,LGarciaAlonso,,IIB1_steroid_receptor,
,,,NR5A2,,,NR5A2,1,selfAssos,LGarciaAlonso,,IIB1_steroid_receptor,
,,,NR6A1,,,NR6A1,1,selfAssos,LGarciaAlonso,,IIB1_steroid_receptor,
,,,PDGFRA,,,STAT1,1,PMID: 9788278,RuxTes ,,IIB3b_RL_signal_dependent_cytoplasmic,
,,,PDGFRA,,,STAT3,1,PMID: 9788278,RuxTes ,,IIB3b_RL_signal_dependent_cytoplasmic,
,,,PDGFRA,,,STAT5A,1,PMID: 9484840,RuxTes ,,IIB3b_RL_signal_dependent_cytoplasmic,
,,,PDGFRA,,,STAT5B,1,PMID: 9484840,RuxTes ,,IIB3b_RL_signal_dependent_cytoplasmic,
,,,PDGFRB,,,STAT1,1,PMID:10207096;PMID:9484840,RuxTes ,,IIB3b_RL_signal_dependent_cytoplasmic,
,,,PDGFRB,,,STAT3,1,PMID:10207096;PMID:9484840,RuxTes ,,IIB3b_RL_signal_dependent_cytoplasmic,
,,,PDGFRB,,,STAT5A,1,PMID: 9813029,RuxTes ,,IIB3b_RL_signal_dependent_cytoplasmic,
,,,PDGFRB,,,STAT5B,1,PMID: 9813029,RuxTes ,,IIB3b_RL_signal_dependent_cytoplasmic,
,,,PGR,,,PGR,1,selfAssos,LGarciaAlonso,,IIB1_steroid_receptor,
,,,PPARA,,,PPARA,1,selfAssos,LGarciaAlonso,,IIB1_steroid_receptor,
,,,PPARD,,,PPARD,1,selfAssos,LGarciaAlonso,,IIB1_steroid_receptor,
,,,PPARG,,,PPARG,1,selfAssos,LGarciaAlonso,,IIB1_steroid_receptor,
,PTCH_BOC_transmembrane_receptor ,,PTCH_BOC_transmembrane_receptor ,,,GLI1,1,reactome;Uniprot;NetPath,LGarciaAlonso,,IIB3b_RL_signal_dependent_cytoplasmic,
,PTCH_BOC_transmembrane_receptor ,,PTCH_BOC_transmembrane_receptor ,,,GLI2,1,reactome;Uniprot;NetPath,LGarciaAlonso,,IIB3b_RL_signal_dependent_cytoplasmic,
,PTCH_BOC_transmembrane_receptor ,,PTCH_BOC_transmembrane_receptor ,,,GLI3,1,reactome;Uniprot;NetPath,LGarciaAlonso,,IIB3b_RL_signal_dependent_cytoplasmic,
,PTCH_CDON_transmembrane_receptor ,,PTCH_CDON_transmembrane_receptor ,,,GLI1,1,reactome;Uniprot;NetPath,LGarciaAlonso,,IIB3b_RL_signal_dependent_cytoplasmic,
,PTCH_CDON_transmembrane_receptor ,,PTCH_CDON_transmembrane_receptor ,,,GLI2,1,reactome;Uniprot;NetPath,LGarciaAlonso,,IIB3b_RL_signal_dependent_cytoplasmic,
,PTCH_CDON_transmembrane_receptor ,,PTCH_CDON_transmembrane_receptor ,,,GLI3,1,reactome;Uniprot;NetPath,LGarciaAlonso,,IIB3b_RL_signal_dependent_cytoplasmic,
,PTCH_GAS1_transmembrane_receptor ,,PTCH_GAS1_transmembrane_receptor ,,,GLI1,1,reactome;Uniprot;NetPath,LGarciaAlonso,,IIB3b_RL_signal_dependent_cytoplasmic,
,PTCH_GAS1_transmembrane_receptor ,,PTCH_GAS1_transmembrane_receptor ,,,GLI2,1,reactome;Uniprot;NetPath,LGarciaAlonso,,IIB3b_RL_signal_dependent_cytoplasmic,
,PTCH_GAS1_transmembrane_receptor ,,PTCH_GAS1_transmembrane_receptor ,,,GLI3,1,reactome;Uniprot;NetPath,LGarciaAlonso,,IIB3b_RL_signal_dependent_cytoplasmic,
,,,RORA,,,RORA,1,selfAssos,LGarciaAlonso,,IIB1_steroid_receptor,
,,,RORB,,,RORB,1,selfAssos,LGarciaAlonso,,IIB1_steroid_receptor,
,,,RORC,,,RORC,1,selfAssos,LGarciaAlonso,,IIB1_steroid_receptor,
,TGFbeta_receptor1,,TGFbeta_receptor1,,,SMAD2,1,Uniprot;PMID:25136781,LGarciaAlonso,,IIB3b_RL_signal_dependent_cytoplasmic,
,TGFbeta_receptor1,,TGFbeta_receptor1,,,SMAD3,1,Uniprot;PMID:25136781,LGarciaAlonso,,IIB3b_RL_signal_dependent_cytoplasmic,
,TGFbeta_receptor2,,TGFbeta_receptor2,,,SMAD2,1,Uniprot;PMID:25136781,LGarciaAlonso,,IIB3b_RL_signal_dependent_cytoplasmic,
,TGFbeta_receptor2,,TGFbeta_receptor2,,,SMAD3,1,Uniprot;PMID:25136781,LGarciaAlonso,,IIB3b_RL_signal_dependent_cytoplasmic,
,,,THRA,,,THRA,1,selfAssos,LGarciaAlonso,,IIB1_steroid_receptor,
,,,THRB,,,THRB,1,selfAssos,LGarciaAlonso,,IIB1_steroid_receptor,
,,,TLR7,,,IRF5,1,PMID:15695821,LGarciaAlonso,,IIB3b_RL_signal_dependent_cytoplasmic,
,,,TLR8,,,IRF5,1,PMID:15695821,LGarciaAlonso,,IIB3b_RL_signal_dependent_cytoplasmic,
,P19438,TNR1A_HUMAN,TNFRSF1A,,,NFKB1,1,,LGarciaAlonso,,IIB3b_RL_signal_dependent_cytoplasmic,
,P20333,TNR1B_HUMAN,TNFRSF1B,,,NFKB1,1,,LGarciaAlonso,,IIB3b_RL_signal_dependent_cytoplasmic,
,Type_I_IFNR,,Type_I_IFNR,,,STAT1,1,Uniprot,LGarciaAlonso,,IIB3b_RL_signal_dependent_cytoplasmic,
,Type_I_IFNR,,Type_I_IFNR,,,STAT2,1,Uniprot,LGarciaAlonso,,IIB3b_RL_signal_dependent_cytoplasmic,
,Type_II_IFNR,,Type_II_IFNR,,,STAT1,1,Uniprot,LGarciaAlonso,,IIB3b_RL_signal_dependent_cytoplasmic,
,Type_II_IFNR,,Type_II_IFNR,,,STAT2,1,Uniprot,LGarciaAlonso,,IIB3b_RL_signal_dependent_cytoplasmic,
,Type_III_IFNR,,Type_III_IFNR,,,STAT1,1,Uniprot,LGarciaAlonso,,IIB3b_RL_signal_dependent_cytoplasmic,
,Type_III_IFNR,,Type_III_IFNR,,,STAT2,1,Uniprot,LGarciaAlonso,,IIB3b_RL_signal_dependent_cytoplasmic,
,P11473,VDR_HUMAN,VDR,,,VDR,1,selfAssos,LGarciaAlonso,,IIB1_steroid_receptor,
,RAreceptor_RARA_RXRA,,RAreceptor_RARA_RXRA,,,MEIOSIN,1,publication,LGarciaAlonso,,IIB3b_RL_signal_dependent_cytoplasmic,STRA8
,RAreceptor_RARB_RXRB,,RAreceptor_RARB_RXRB,,,MEIOSIN,1,publication,LGarciaAlonso,,IIB3b_RL_signal_dependent_cytoplasmic,STRA9
,RAreceptor_RARG_RXRG,,RAreceptor_RARG_RXRG,,,MEIOSIN,1,publication,LGarciaAlonso,,IIB3b_RL_signal_dependent_cytoplasmic,STRA10
,RAreceptor_RXRA,,RAreceptor_RXRA,,,RXRA,1,selfAssos,LGarciaAlonso,,IIB1_steroid_receptor,
,RAreceptor_RXRB,,RAreceptor_RXRB,,,RXRB,1,selfAssos,LGarciaAlonso,,IIB1_steroid_receptor,
,RAreceptor_RXRG,,RAreceptor_RXRG,,,RXRG,1,selfAssos,LGarciaAlonso,,IIB1_steroid_receptor,
,RAreceptor_RARA,,RAreceptor_RARA,,,RARA,1,selfAssos,LGarciaAlonso,,IIB1_steroid_receptor,
,RAreceptor_RARB,,RAreceptor_RARB,,,RARB,1,selfAssos,LGarciaAlonso,,IIB1_steroid_receptor,
,RAreceptor_RARG,,RAreceptor_RARG,,,RARG,1,selfAssos,LGarciaAlonso,,IIB1_steroid_receptor,
,RAreceptor_RARA_RXRA,,RAreceptor_RARA_RXRA,,,RARA,1,selfAssos,LGarciaAlonso,,IIB1_steroid_receptor,
,RAreceptor_RARB_RXRB,,RAreceptor_RARB_RXRB,,,RARB,1,selfAssos,LGarciaAlonso,,IIB1_steroid_receptor,
,RAreceptor_RARG:RXRG,,RAreceptor_RARG:RXRG,,,RARG,1,selfAssos,LGarciaAlonso,,IIB1_steroid_receptor,
,RAreceptor_RARA_RXRA,,RAreceptor_RARA_RXRA,,,RXRA,1,selfAssos,LGarciaAlonso,,IIB1_steroid_receptor,
,RAreceptor_RARB_RXRB,,RAreceptor_RARB_RXRB,,,RXRB,1,selfAssos,LGarciaAlonso,,IIB1_steroid_receptor,
,RAreceptor_RARG:RXRG,,RAreceptor_RARG:RXRG,,,RXRG,1,selfAssos,LGarciaAlonso,,IIB1_steroid_receptor,
,P54760,EPHB4_HUMAN,EPHB4,,,ELK1,1,PMID:32299362,LGarciaAlonso,,IIA_developmental,
,BMPR1A_BMPR2,,BMPR1A_BMPR2,,,ZGLP1,1,PMID:32054698,LGarciaAlonso,,IIA_developmental,
,BMPR1B_BMPR2,,BMPR1B_BMPR2,,,ZGLP1,1,PMID:32054698,LGarciaAlonso,,IIA_developmental,
,BMR1A_ACR2A,,BMR1A_ACR2A,,,ZGLP1,1,PMID:32054698,LGarciaAlonso,,IIA_developmental,
,BMR1A_AVR2B,,BMR1A_AVR2B,,,ZGLP1,1,PMID:32054698,LGarciaAlonso,,IIA_developmental,
,BMR1B_AVR2A,,BMR1B_AVR2A,,,ZGLP1,1,PMID:32054698,LGarciaAlonso,,IIA_developmental,
,BMR1B_AVR2B,,BMR1B_AVR2B,,,ZGLP1,1,PMID:32054698,LGarciaAlonso,,IIA_developmental,
,,,DCC,,,OTX2,1,PMID:33195252,LGarciaAlonso,,IIA_developmental,
,P29323,EPHB2_HUMAN,EPHB2,,,ELK1,1,PMID:12486127,LGarciaAlonso,,IIB3b_RL_signal_dependent_cytoplasmic,
,P35367,HRH1_HUMAN,HRH1,P19838,NFKB1_HUMAN,NFKB1,1,PMID:23268457,LGarciaAlonso,,IIB3b_RL_signal_dependent_cytoplasmic,
,Q03431,PTH1R_HUMAN,PTH1R,Q12948,FOXC1_HUMAN,FOXC1,1,PMID:32431614,LGarciaAlonso,,IIB3b_RL_signal_dependent_cytoplasmic,
,Q03431,PTH1R_HUMAN,PTH1R,,,RUNX2,1,PMID:32431614,LGarciaAlonso,,IIB3b_RL_signal_dependent_cytoplasmic,
,P43115,PE2R3_HUMAN,PTGER3,,,ELK1,1,PMID:12486127,LGarciaAlonso,,IIB3b_RL_signal_dependent_cytoplasmic,
,P43115,PE2R3_HUMAN,PTGER3,,,ETS1,1,PMID:12486127,LGarciaAlonso,,IIB3b_RL_signal_dependent_cytoplasmic,
,,,,,,,,,,,,
,,,,,,,,,,,,
,,,,,,,,,,,,
,,,,,,,,,,,,
,,,,,,,,,,,,
,,,,,,,,,,,,
,,,,,,,,,,,,
,,,,,,,,,,,,
,,,,,,,,,,,,
,,,,,,,,,,,,
,,,,,,,,,,,,
,,,,,,,,,,,,
,,,,,,,,,,,,
,,,,,,,,,,,,
,,,,,,,,,,,,
,,,,,,,,,,,,
,,,,,,,,,,,,
,,,,,,,,,,,,
,,,,,,,,,,,,
,,,,,,,,,,,,
,,,,,,,,,,,,
,,,,,,,,,,,,
,,,,,,,,,,,,
,,,,,,,,,,,,
,,,,,,,,,,,,
,,,,,,,,,,,,
,,,,,,,,,,,,
,,,,,,,,,,,,
,,,,,,,,,,,,
,,,,,,,,,,,,
,,,,,,,,,,,,
,,,,,,,,,,,,
,,,,,,,,,,,,
,,,,,,,,,,,,
,,,,,,,,,,,,
,,,,,,,,,,,,
,,,,,,,,,,,,
,,,,,,,,,,,,
,,,,,,,,,,,,
,,,,,,,,,,,,
,,,,,,,,,,,,
,,,,,,,,,,,,
,,,,,,,,,,,,
,,,,,,,,,,,,
,,,,,,,,,,,,
,,,,,,,,,,,,
,,,,,,,,,,,,
,,,,,,,,,,,,
,,,,,,,,,,,,
,,,,,,,,,,,,
,,,,,,,,,,,,
,,,,,,,,,,,,
,,,,,,,,,,,,
,,,,,,,,,,,,
,,,,,,,,,,,,
,,,,,,,,,,,,
,,,,,,,,,,,,
,,,,,,,,,,,,
,,,,,,,,,,,,
,,,,,,,,,,,,
,,,,,,,,,,,,
,,,,,,,,,,,,
,,,,,,,,,,,,
,,,,,,,,,,,,
,,,,,,,,,,,,
,,,,,,,,,,,,
,,,,,,,,,,,,
,,,,,,,,,,,,
,,,,,,,,,,,,
,,,,,,,,,,,,
,,,,,,,,,,,,
,,,,,,,,,,,,
,,,,,,,,,,,,
,,,,,,,,,,,,
,,,,,,,,,,,,
,,,,,,,,,,,,
,,,,,,,,,,,,
,,,,,,,,,,,,
,,,,,,,,,,,,
,,,,,,,,,,,,
,,,,,,,,,,,,
,,,,,,,,,,,,
,,,,,,,,,,,,
,,,,,,,,,,,,
,,,,,,,,,,,,
,,,,,,,,,,,,
,,,,,,,,,,,,
,,,,,,,,,,,,
,,,,,,,,,,,,
,,,,,,,,,,,,
,,,,,,,,,,,,
,,,,,,,,,,,,
,,,,,,,,,,,,
,,,,,,,,,,,,
,,,,,,,,,,,,
,,,,,,,,,,,,
,,,,,,,,,,,,
,,,,,,,,,,,,
,,,,,,,,,,,,
,,,,,,,,,,,,
,,,,,,,,,,,,
,,,,,,,,,,,,
,,,,,,,,,,,,
,,,,,,,,,,,,
,,,,,,,,,,,,
,,,,,,,,,,,,
,,,,,,,,,,,,
,,,,,,,,,,,,
,,,,,,,,,,,,
,,,,,,,,,,,,
,,,,,,,,,,,,
,,,,,,,,,,,,
,,,,,,,,,,,,
,,,,,,,,,,,,
,,,,,,,,,,,,
,,,,,,,,,,,,
,,,,,,,,,,,,
,,,,,,,,,,,,
,,,,,,,,,,,,
,,,,,,,,,,,,
,,,,,,,,,,,,
,,,,,,,,,,,,
,,,,,,,,,,,,
,,,,,,,,,,,,
,,,,,,,,,,,,
,,,,,,,,,,,,
,,,,,,,,,,,,
,,,,,,,,,,,,
,,,,,,,,,,,,
,,,,,,,,,,,,
,,,,,,,,,,,,
,,,,,,,,,,,,
,,,,,,,,,,,,
,,,,,,,,,,,,
,,,,,,,,,,,,
,,,,,,,,,,,,
,,,,,,,,,,,,
,,,,,,,,,,,,
,,,,,,,,,,,,
,,,,,,,,,,,,
,,,,,,,,,,,,
,,,,,,,,,,,,
,,,,,,,,,,,,
,,,,,,,,,,,,
,,,,,,,,,,,,
,,,,,,,,,,,,
,,,,,,,,,,,,
,,,,,,,,,,,,
,,,,,,,,,,,,
,,,,,,,,,,,,
,,,,,,,,,,,,
,,,,,,,,,,,,
,,,,,,,,,,,,
,,,,,,,,,,,,
,,,,,,,,,,,,
,,,,,,,,,,,,
,,,,,,,,,,,,
,,,,,,,,,,,,
,,,,,,,,,,,,
,,,,,,,,,,,,
,,,,,,,,,,,,
,,,,,,,,,,,,
,,,,,,,,,,,,
,,,,,,,,,,,,
,,,,,,,,,,,,
,,,,,,,,,,,,
,,,,,,,,,,,,
,,,,,,,,,,,,
,,,,,,,,,,,,
,,,,,,,,,,,,
,,,,,,,,,,,,
,,,,,,,,,,,,
,,,,,,,,,,,,
,,,,,,,,,,,,
,,,,,,,,,,,,
,,,,,,,,,,,,
,,,,,,,,,,,,
,,,,,,,,,,,,
,,,,,,,,,,,,
,,,,,,,,,,,,
,,,,,,,,,,,,
,,,,,,,,,,,,
,,,,,,,,,,,,
,,,,,,,,,,,,
,,,,,,,,,,,,
,,,,,,,,,,,,
,,,,,,,,,,,,
,,,,,,,,,,,,
,,,,,,,,,,,,
,,,,,,,,,,,,
,,,,,,,,,,,,
,,,,,,,,,,,,
,,,,,,,,,,,,
,,,,,,,,,,,,
,,,,,,,,,,,,
,,,,,,,,,,,,
,,,,,,,,,,,,
,,,,,,,,,,,,
,,,,,,,,,,,,
,,,,,,,,,,,,
,,,,,,,,,,,,
,,,,,,,,,,,,
,,,,,,,,,,,,
,,,,,,,,,,,,
,,,,,,,,,,,,
,,,,,,,,,,,,
,,,,,,,,,,,,
,,,,,,,,,,,,
,,,,,,,,,,,,
,,,,,,,,,,,,
,,,,,,,,,,,,
,,,,,,,,,,,,
,,,,,,,,,,,,
,,,,,,,,,,,,
,,,,,,,,,,,,
,,,,,,,,,,,,
,,,,,,,,,,,,
,,,,,,,,,,,,
,,,,,,,,,,,,
,,,,,,,,,,,,
,,,,,,,,,,,,
,,,,,,,,,,,,
,,,,,,,,,,,,
,,,,,,,,,,,,
,,,,,,,,,,,,
,,,,,,,,,,,,
,,,,,,,,,,,,
,,,,,,,,,,,,
,,,,,,,,,,,,
,,,,,,,,,,,,
,,,,,,,,,,,,
,,,,,,,,,,,,
,,,,,,,,,,,,
,,,,,,,,,,,,
,,,,,,,,,,,,
,,,,,,,,,,,,
,,,,,,,,,,,,
,,,,,,,,,,,,
,,,,,,,,,,,,
,,,,,,,,,,,,
,,,,,,,,,,,,
,,,,,,,,,,,,
,,,,,,,,,,,,
,,,,,,,,,,,,
,,,,,,,,,,,,
,,,,,,,,,,,,
,,,,,,,,,,,,
,,,,,,,,,,,,
,,,,,,,,,,,,
,,,,,,,,,,,,
,,,,,,,,,,,,
,,,,,,,,,,,,
,,,,,,,,,,,,
,,,,,,,,,,,,
,,,,,,,,,,,,
,,,,,,,,,,,,
,,,,,,,,,,,,
,,,,,,,,,,,,
,,,,,,,,,,,,
,,,,,,,,,,,,
,,,,,,,,,,,,
,,,,,,,,,,,,
,,,,,,,,,,,,
,,,,,,,,,,,,
,,,,,,,,,,,,
,,,,,,,,,,,,
,,,,,,,,,,,,
,,,,,,,,,,,,
,,,,,,,,,,,,
,,,,,,,,,,,,
,,,,,,,,,,,,
,,,,,,,,,,,,
,,,,,,,,,,,,
,,,,,,,,,,,,
,,,,,,,,,,,,
,,,,,,,,,,,,
,,,,,,,,,,,,
,,,,,,,,,,,,
,,,,,,,,,,,,
,,,,,,,,,,,,
,,,,,,,,,,,,
,,,,,,,,,,,,
,,,,,,,,,,,,
,,,,,,,,,,,,
,,,,,,,,,,,,
,,,,,,,,,,,,
,,,,,,,,,,,,
,,,,,,,,,,,,
,,,,,,,,,,,,
,,,,,,,,,,,,
,,,,,,,,,,,,
,,,,,,,,,,,,
,,,,,,,,,,,,
,,,,,,,,,,,,
,,,,,,,,,,,,
,,,,,,,,,,,,
,,,,,,,,,,,,
,,,,,,,,,,,,
,,,,,,,,,,,,
,,,,,,,,,,,,
,,,,,,,,,,,,
,,,,,,,,,,,,
,,,,,,,,,,,,
,,,,,,,,,,,,
,,,,,,,,,,,,
,,,,,,,,,,,,
,,,,,,,,,,,,
,,,,,,,,,,,,
,,,,,,,,,,,,
,,,,,,,,,,,,
,,,,,,,,,,,,
,,,,,,,,,,,,
,,,,,,,,,,,,
,,,,,,,,,,,,
,,,,,,,,,,,,
,,,,,,,,,,,,
,,,,,,,,,,,,
,,,,,,,,,,,,
,,,,,,,,,,,,
,,,,,,,,,,,,
,,,,,,,,,,,,
,,,,,,,,,,,,
,,,,,,,,,,,,
,,,,,,,,,,,,
,,,,,,,,,,,,
,,,,,,,,,,,,
,,,,,,,,,,,,
,,,,,,,,,,,,
,,,,,,,,,,,,
,,,,,,,,,,,,
CPI_CC0041E1D30,,,,,,,,,,,,
CPI_CC0104F2A96,,,,,,,,,,,,
CPI_CC045C36F28,,,,,,,,,,,,
CPI_CC051643E98,,,,,,,,,,,,
CPI_CC072007F09,,,,,,,,,,,,
CPI_CC08A4A83F1,,,,,,,,,,,,
CPI_CC0947744F4,,,,,,,,,,,,
CPI_CC09863F59B,,,,,,,,,,,,
CPI_CC09BCDA08E,,,,,,,,,,,,
CPI_CC0B39F327D,,,,,,,,,,,,
CPI_CC0B6E6E341,,,,,,,,,,,,
CPI_CC0C3ECBD1F,,,,,,,,,,,,
CPI_CC0D5F9D20F,,,,,,,,,,,,
CPI_CC0F3691D07,,,,,,,,,,,,
CPI_CS0007697A7,,,,,,,,,,,,
CPI_CS0023FA839,,,,,,,,,,,,
CPI_CS008C9D6E5,,,,,,,,,,,,
CPI_CS00BF6CD40,,,,,,,,,,,,
CPI_CS0107C51C6,,,,,,,,,,,,
CPI_CS0123BC66C,,,,,,,,,,,,
CPI_CS012D15A88,,,,,,,,,,,,
CPI_CS01319F57A,,,,,,,,,,,,
CPI_CS0152E177A,,,,,,,,,,,,
CPI_CS0157F2E34,,,,,,,,,,,,
CPI_CS017A50010,,,,,,,,,,,,
CPI_CS01A4D7E2F,,,,,,,,,,,,
CPI_CS0210859AB,,,,,,,,,,,,
CPI_CS0247DA882,,,,,,,,,,,,
CPI_CS027D7A724,,,,,,,,,,,,
CPI_CS027F8BD7E,,,,,,,,,,,,
CPI_CS0288D901D,,,,,,,,,,,,
CPI_CS028ACED72,,,,,,,,,,,,
CPI_CS02957B1BF,,,,,,,,,,,,
CPI_CS02AEFFE28,,,,,,,,,,,,
CPI_CS02C93975C,,,,,,,,,,,,
CPI_CS02E5ABC5D,,,,,,,,,,,,
CPI_CS03037FE90,,,,,,,,,,,,
CPI_CS0317FAF76,,,,,,,,,,,,
CPI_CS036BF2AC7,,,,,,,,,,,,
CPI_CS038376BA2,,,,,,,,,,,,
CPI_CS0384572FE,,,,,,,,,,,,
CPI_CS03DF8BD36,,,,,,,,,,,,
CPI_CS040AEB4A0,,,,,,,,,,,,
CPI_CS040DDEBFB,,,,,,,,,,,,
CPI_CS045D41398,,,,,,,,,,,,
CPI_CS046B3C139,,,,,,,,,,,,
CPI_CS046BCFC6F,,,,,,,,,,,,
CPI_CS047EE9E03,,,,,,,,,,,,
CPI_CS0484364A2,,,,,,,,,,,,
CPI_CS04BB8F1EC,,,,,,,,,,,,
CPI_CS04C402DFB,,,,,,,,,,,,
CPI_CS04C628758,,,,,,,,,,,,
CPI_CS04CBDE052,,,,,,,,,,,,
CPI_CS04F78ACD6,,,,,,,,,,,,
CPI_CS05426BFFA,,,,,,,,,,,,
CPI_CS0553FFC41,,,,,,,,,,,,
CPI_CS0558AB6A5,,,,,,,,,,,,
CPI_CS055E15573,,,,,,,,,,,,
CPI_CS0569B9B91,,,,,,,,,,,,
CPI_CS05789C9A0,,,,,,,,,,,,
CPI_CS058910188,,,,,,,,,,,,
CPI_CS05AB368CE,,,,,,,,,,,,
CPI_CS05EAF93CC,,,,,,,,,,,,
CPI_CS06072FF4E,,,,,,,,,,,,
CPI_CS063AE1C91,,,,,,,,,,,,
CPI_CS0645666B0,,,,,,,,,,,,
CPI_CS067298D94,,,,,,,,,,,,
CPI_CS069E2161D,,,,,,,,,,,,
CPI_CS06B657CAB,,,,,,,,,,,,
CPI_CS06C0EEFCB,,,,,,,,,,,,
CPI_CS06C6E2321,,,,,,,,,,,,
CPI_CS06D50EBF8,,,,,,,,,,,,
CPI_CS06E556972,,,,,,,,,,,,
CPI_CS0700FDD27,,,,,,,,,,,,
CPI_CS0715DE78D,,,,,,,,,,,,
CPI_CS073D36B1D,,,,,,,,,,,,
CPI_CS075442484,,,,,,,,,,,,
CPI_CS07557A266,,,,,,,,,,,,
CPI_CS076E1A639,,,,,,,,,,,,
CPI_CS077F1340A,,,,,,,,,,,,
CPI_CS07B61574B,,,,,,,,,,,,
CPI_CS08109C435,,,,,,,,,,,,
CPI_CS085E95BC1,,,,,,,,,,,,
CPI_CS0860DA460,,,,,,,,,,,,
CPI_CS089A36491,,,,,,,,,,,,
CPI_CS08A043594,,,,,,,,,,,,
CPI_CS08A853007,,,,,,,,,,,,
CPI_CS08CC8F9D3,,,,,,,,,,,,
CPI_CS08F4E5D70,,,,,,,,,,,,
CPI_CS090FFEDFE,,,,,,,,,,,,
CPI_CS0921BB754,,,,,,,,,,,,
CPI_CS09831CCFD,,,,,,,,,,,,
CPI_CS09F211C3E,,,,,,,,,,,,
CPI_CS0A269FA16,,,,,,,,,,,,
CPI_CS0A34112A6,,,,,,,,,,,,
CPI_CS0A659AAAD,,,,,,,,,,,,
CPI_CS0A66DB1CA,,,,,,,,,,,,
CPI_CS0A6AB5149,,,,,,,,,,,,
CPI_CS0A71F2AAD,,,,,,,,,,,,
CPI_CS0A8A0A053,,,,,,,,,,,,
CPI_CS0A8F7D89F,,,,,,,,,,,,
CPI_CS0A97B38B6,,,,,,,,,,,,
CPI_CS0A9D23000,,,,,,,,,,,,
CPI_CS0AA769F5B,,,,,,,,,,,,
CPI_CS0AB19226A,,,,,,,,,,,,
CPI_CS0AB365861,,,,,,,,,,,,
CPI_CS0AB9C7139,,,,,,,,,,,,
CPI_CS0AC5142FA,,,,,,,,,,,,
CPI_CS0AED3F8E8,,,,,,,,,,,,
CPI_CS0AEE2FB22,,,,,,,,,,,,
CPI_CS0B0B35928,,,,,,,,,,,,
CPI_CS0B2F2EF5D,,,,,,,,,,,,
CPI_CS0B9A4CA4D,,,,,,,,,,,,
CPI_CS0BA342294,,,,,,,,,,,,
CPI_CS0BAF97962,,,,,,,,,,,,
CPI_CS0BCDC40FC,,,,,,,,,,,,
CPI_CS0BDA0D08C,,,,,,,,,,,,
CPI_CS0BE59B43E,,,,,,,,,,,,
CPI_CS0BEC40E19,,,,,,,,,,,,
CPI_CS0C091F24B,,,,,,,,,,,,
CPI_CS0C0D60519,,,,,,,,,,,,
CPI_CS0C16967C6,,,,,,,,,,,,
CPI_CS0C57A3081,,,,,,,,,,,,
CPI_CS0C59AF029,,,,,,,,,,,,
CPI_CS0C623F17A,,,,,,,,,,,,
CPI_CS0C99F8D96,,,,,,,,,,,,
CPI_CS0C9EE65C2,,,,,,,,,,,,
CPI_CS0CA393CC5,,,,,,,,,,,,
CPI_CS0CE2A204A,,,,,,,,,,,,
CPI_CS0CF47221A,,,,,,,,,,,,
CPI_CS0CFA0E4C5,,,,,,,,,,,,
CPI_CS0D238C22B,,,,,,,,,,,,
CPI_CS0D35E69F6,,,,,,,,,,,,
CPI_CS0D48BE017,,,,,,,,,,,,
CPI_CS0D4BB4458,,,,,,,,,,,,
CPI_CS0D9226707,,,,,,,,,,,,
CPI_CS0D9B5AB86,,,,,,,,,,,,
CPI_CS0DAA66443,,,,,,,,,,,,
CPI_CS0DDFD82E7,,,,,,,,,,,,
CPI_CS0DEBE7B69,,,,,,,,,,,,
CPI_CS0DF85303A,,,,,,,,,,,,
CPI_CS0E1BF543E,,,,,,,,,,,,
CPI_CS0E4E75E3B,,,,,,,,,,,,
CPI_CS0E5078EDE,,,,,,,,,,,,
CPI_CS0E54FF657,,,,,,,,,,,,
CPI_CS0E5D1ECCE,,,,,,,,,,,,
CPI_CS0E661878B,,,,,,,,,,,,
CPI_CS0E7C1314F,,,,,,,,,,,,
CPI_CS0E80B08E2,,,,,,,,,,,,
CPI_CS0E8ADC968,,,,,,,,,,,,
CPI_CS0E997FABD,,,,,,,,,,,,
CPI_CS0EB5F7B6F,,,,,,,,,,,,
CPI_CS0EC80CA59,,,,,,,,,,,,
CPI_CS0EE8AEA34,,,,,,,,,,,,
CPI_CS0EF793D6A,,,,,,,,,,,,
CPI_CS0F6472748,,,,,,,,,,,,
CPI_CS0F670E8BC,,,,,,,,,,,,
CPI_CS0F6CFB979,,,,,,,,,,,,
CPI_CS0FB8775FC,,,,,,,,,,,,
CPI_CS0FBBCDD66,,,,,,,,,,,,
CPI_CS0FCC00896,,,,,,,,,,,,
CPI_CS0FFBA02F8,,,,,,,,,,,,
CPI_SC00064A9CE,,,,,,,,,,,,
CPI_SC0014D5A6E,,,,,,,,,,,,
CPI_SC001669E22,,,,,,,,,,,,
CPI_SC0017F527E,,,,,,,,,,,,
CPI_SC001AFA16D,,,,,,,,,,,,
CPI_SC0035F0B0F,,,,,,,,,,,,
CPI_SC004A436C5,,,,,,,,,,,,
CPI_SC006E22794,,,,,,,,,,,,
CPI_SC00756BB93,,,,,,,,,,,,
CPI_SC0077CEB82,,,,,,,,,,,,
CPI_SC007890A1C,,,,,,,,,,,,
CPI_SC0082A7233,,,,,,,,,,,,
CPI_SC008F4294F,,,,,,,,,,,,
CPI_SC0092846B0,,,,,,,,,,,,
CPI_SC00A0B0892,,,,,,,,,,,,
CPI_SC00ACA947E,,,,,,,,,,,,
CPI_SC00BE2EEE3,,,,,,,,,,,,
CPI_SC00C0800EB,,,,,,,,,,,,
CPI_SC01115AAD1,,,,,,,,,,,,
CPI_SC01195CB48,,,,,,,,,,,,
CPI_SC011F01833,,,,,,,,,,,,
CPI_SC0147A8A42,,,,,,,,,,,,
CPI_SC015980AEB,,,,,,,,,,,,
CPI_SC016235D3A,,,,,,,,,,,,
CPI_SC017215F7F,,,,,,,,,,,,
CPI_SC01833C7FC,,,,,,,,,,,,
CPI_SC019DBDA78,,,,,,,,,,,,
CPI_SC01AB9BED7,,,,,,,,,,,,
CPI_SC01C699B73,,,,,,,,,,,,
CPI_SC01E9FAC20,,,,,,,,,,,,
CPI_SC01EA4FF6B,,,,,,,,,,,,
CPI_SC01F1F24AA,,,,,,,,,,,,
CPI_SC01FFC9392,,,,,,,,,,,,
CPI_SC0200AC9E3,,,,,,,,,,,,
CPI_SC02017BE74,,,,,,,,,,,,
CPI_SC02131C05A,,,,,,,,,,,,
CPI_SC02392F4AF,,,,,,,,,,,,
CPI_SC023986FB9,,,,,,,,,,,,
CPI_SC0247375A7,,,,,,,,,,,,
CPI_SC0247E9ADB,,,,,,,,,,,,
CPI_SC0273E24EB,,,,,,,,,,,,
CPI_SC02AE206BE,,,,,,,,,,,,
CPI_SC02B111AB0,,,,,,,,,,,,
CPI_SC02BFEEC8A,,,,,,,,,,,,
CPI_SC02E74AFA5,,,,,,,,,,,,
CPI_SC02F06FF62,,,,,,,,,,,,
CPI_SC032246C72,,,,,,,,,,,,
CPI_SC0329D5397,,,,,,,,,,,,
CPI_SC033E22B14,,,,,,,,,,,,
CPI_SC03446A95E,,,,,,,,,,,,
CPI_SC035134F18,,,,,,,,,,,,
CPI_SC035953E6B,,,,,,,,,,,,
CPI_SC036D78A43,,,,,,,,,,,,
CPI_SC037C3901A,,,,,,,,,,,,
CPI_SC039D075C6,,,,,,,,,,,,
CPI_SC03ADD2063,,,,,,,,,,,,
CPI_SC03BFF1D95,,,,,,,,,,,,
CPI_SC03C093767,,,,,,,,,,,,
CPI_SC03D71E025,,,,,,,,,,,,
CPI_SC03DD752AB,,,,,,,,,,,,
CPI_SC03DD946B2,,,,,,,,,,,,
CPI_SC04085F9F9,,,,,,,,,,,,
CPI_SC040B3EFBC,,,,,,,,,,,,
CPI_SC040C26CBD,,,,,,,,,,,,
CPI_SC041215790,,,,,,,,,,,,
CPI_SC041DEF0FB,,,,,,,,,,,,
CPI_SC044E3F9B6,,,,,,,,,,,,
CPI_SC0458F68A5,,,,,,,,,,,,
CPI_SC047CEF2DD,,,,,,,,,,,,
CPI_SC04936738A,,,,,,,,,,,,
CPI_SC04AED00CE,,,,,,,,,,,,
CPI_SC04B0064C4,,,,,,,,,,,,
CPI_SC04B354AE3,,,,,,,,,,,,
CPI_SC04F2478E9,,,,,,,,,,,,
CPI_SC04FDBA606,,,,,,,,,,,,
CPI_SC0517A327B,,,,,,,,,,,,
CPI_SC051B1E9C4,,,,,,,,,,,,
CPI_SC0527EEE7A,,,,,,,,,,,,
CPI_SC052A417CB,,,,,,,,,,,,
CPI_SC0530C27A8,,,,,,,,,,,,
CPI_SC053BBE2B1,,,,,,,,,,,,
CPI_SC054484F7B,,,,,,,,,,,,
CPI_SC0545E2502,,,,,,,,,,,,
CPI_SC05565E8CE,,,,,,,,,,,,
CPI_SC056BF6CBB,,,,,,,,,,,,
CPI_SC058845C44,,,,,,,,,,,,
CPI_SC058F72F90,,,,,,,,,,,,
CPI_SC0592EC3D0,,,,,,,,,,,,
CPI_SC05992FDC8,,,,,,,,,,,,
CPI_SC05A209BEC,,,,,,,,,,,,
CPI_SC05B2AA866,,,,,,,,,,,,
CPI_SC05B6D413B,,,,,,,,,,,,
CPI_SC05CCF815E,,,,,,,,,,,,
CPI_SC05CE52A12,,,,,,,,,,,,
CPI_SC05D87F723,,,,,,,,,,,,
CPI_SC05D8C0EF5,,,,,,,,,,,,
CPI_SC05F111D21,,,,,,,,,,,,
CPI_SC0606C6896,,,,,,,,,,,,
CPI_SC060984F83,,,,,,,,,,,,
CPI_SC061137A41,,,,,,,,,,,,
CPI_SC062C5C6C2,,,,,,,,,,,,
CPI_SC062D34C2A,,,,,,,,,,,,
CPI_SC06364D669,,,,,,,,,,,,
CPI_SC063BC3DDE,,,,,,,,,,,,
CPI_SC064937925,,,,,,,,,,,,
CPI_SC06525B099,,,,,,,,,,,,
CPI_SC0672FBD31,,,,,,,,,,,,
CPI_SC067433F6B,,,,,,,,,,,,
CPI_SC0674C647E,,,,,,,,,,,,
CPI_SC067AD890A,,,,,,,,,,,,
CPI_SC067EE23E1,,,,,,,,,,,,
CPI_SC0681D30FE,,,,,,,,,,,,
CPI_SC06873D10F,,,,,,,,,,,,
CPI_SC069F95780,,,,,,,,,,,,
CPI_SC069F9E62C,,,,,,,,,,,,
CPI_SC06ACCFA52,,,,,,,,,,,,
CPI_SC06B4C6DD5,,,,,,,,,,,,
CPI_SC06E5E0C83,,,,,,,,,,,,
CPI_SC070D5A96F,,,,,,,,,,,,
CPI_SC07222A428,,,,,,,,,,,,
CPI_SC0725E3A76,,,,,,,,,,,,
CPI_SC07312BD5C,,,,,,,,,,,,
CPI_SC07375C073,,,,,,,,,,,,
CPI_SC0755598EE,,,,,,,,,,,,
CPI_SC077B6280E,,,,,,,,,,,,
CPI_SC077EB8064,,,,,,,,,,,,
CPI_SC07A2679B1,,,,,,,,,,,,
CPI_SC07B4ED8C9,,,,,,,,,,,,
CPI_SC07BE7830D,,,,,,,,,,,,
CPI_SC07E0348EF,,,,,,,,,,,,
CPI_SC07E958BDE,,,,,,,,,,,,
CPI_SC07ECBFCA7,,,,,,,,,,,,
CPI_SC07FB88720,,,,,,,,,,,,
CPI_SC08067D831,,,,,,,,,,,,
CPI_SC0814068D9,,,,,,,,,,,,
CPI_SC08226CD3B,,,,,,,,,,,,
CPI_SC083EDDA21,,,,,,,,,,,,
CPI_SC0847A64D2,,,,,,,,,,,,
CPI_SC0859FAC25,,,,,,,,,,,,
CPI_SC0861656EC,,,,,,,,,,,,
CPI_SC087556B01,,,,,,,,,,,,
CPI_SC08923F7F7,,,,,,,,,,,,
CPI_SC08938BB1C,,,,,,,,,,,,
CPI_SC08968AFE6,,,,,,,,,,,,
CPI_SC089D4762F,,,,,,,,,,,,
CPI_SC08A98E7D4,,,,,,,,,,,,
CPI_SC08AA91C84,,,,,,,,,,,,
CPI_SC08AF9CA91,,,,,,,,,,,,
CPI_SC08B1D5269,,,,,,,,,,,,
CPI_SC08B2AD7C6,,,,,,,,,,,,
CPI_SC08B6B74FB,,,,,,,,,,,,
CPI_SC08BF895FC,,,,,,,,,,,,
CPI_SC08CC68F11,,,,,,,,,,,,
CPI_SC08D8A859F,,,,,,,,,,,,
CPI_SC08E75294D,,,,,,,,,,,,
CPI_SC08E97F7CA,,,,,,,,,,,,
CPI_SC08F797F90,,,,,,,,,,,,
CPI_SC090068F7B,,,,,,,,,,,,
CPI_SC090311934,,,,,,,,,,,,
CPI_SC090855C8E,,,,,,,,,,,,
CPI_SC090DB3159,,,,,,,,,,,,
CPI_SC091173D82,,,,,,,,,,,,
CPI_SC091D10DFA,,,,,,,,,,,,
CPI_SC092659F65,,,,,,,,,,,,
CPI_SC092C3E4DF,,,,,,,,,,,,
CPI_SC09458C6C0,,,,,,,,,,,,
CPI_SC095A2C115,,,,,,,,,,,,
CPI_SC096929DB0,,,,,,,,,,,,
CPI_SC0974B60B7,,,,,,,,,,,,
CPI_SC0984894BC,,,,,,,,,,,,
CPI_SC0988E0218,,,,,,,,,,,,
CPI_SC098B43B5A,,,,,,,,,,,,
CPI_SC098C06330,,,,,,,,,,,,
CPI_SC09938698A,,,,,,,,,,,,
CPI_SC09AF1889C,,,,,,,,,,,,
CPI_SC09C06C70F,,,,,,,,,,,,
CPI_SC09C0B5D08,,,,,,,,,,,,
CPI_SC09DE07794,,,,,,,,,,,,
CPI_SC09DFB2ACA,,,,,,,,,,,,
CPI_SC09E5431A2,,,,,,,,,,,,
CPI_SC09FDA4F45,,,,,,,,,,,,
CPI_SC0A0532ADC,,,,,,,,,,,,
CPI_SC0A05D3880,,,,,,,,,,,,
CPI_SC0A199B69E,,,,,,,,,,,,
CPI_SC0A2FE9693,,,,,,,,,,,,
CPI_SC0A3F146C2,,,,,,,,,,,,
CPI_SC0A54B5323,,,,,,,,,,,,
CPI_SC0A58E6695,,,,,,,,,,,,
CPI_SC0A68C5F13,,,,,,,,,,,,
CPI_SC0A8902C85,,,,,,,,,,,,
CPI_SC0A8A78670,,,,,,,,,,,,
CPI_SC0A8E69BC5,,,,,,,,,,,,
CPI_SC0A9458008,,,,,,,,,,,,
CPI_SC0A9EB628A,,,,,,,,,,,,
CPI_SC0AD6D8724,,,,,,,,,,,,
CPI_SC0ADD7BEF0,,,,,,,,,,,,
CPI_SC0AF90F422,,,,,,,,,,,,
CPI_SC0B066E03C,,,,,,,,,,,,
CPI_SC0B0AFEFF1,,,,,,,,,,,,
CPI_SC0B292AEE6,,,,,,,,,,,,
CPI_SC0B4211EFF,,,,,,,,,,,,
CPI_SC0B4BD965C,,,,,,,,,,,,
CPI_SC0B4D7E0FF,,,,,,,,,,,,
CPI_SC0B6162857,,,,,,,,,,,,
CPI_SC0B6D68FD5,,,,,,,,,,,,
CPI_SC0B6F1A278,,,,,,,,,,,,
CPI_SC0B808E56A,,,,,,,,,,,,
CPI_SC0B9199C7F,,,,,,,,,,,,
CPI_SC0BA1D5E00,,,,,,,,,,,,
CPI_SC0BA41B0D3,,,,,,,,,,,,
CPI_SC0BAB29E69,,,,,,,,,,,,
CPI_SC0BC542ACC,,,,,,,,,,,,
CPI_SC0BC63F8C0,,,,,,,,,,,,
CPI_SC0BCD683D4,,,,,,,,,,,,
CPI_SC0BD4C290F,,,,,,,,,,,,
CPI_SC0BD56F4CB,,,,,,,,,,,,
CPI_SC0BF16A11C,,,,,,,,,,,,
CPI_SC0C1B5BAA1,,,,,,,,,,,,
CPI_SC0C3E2D267,,,,,,,,,,,,
CPI_SC0C6B54D7A,,,,,,,,,,,,
CPI_SC0C8B4C056,,,,,,,,,,,,
CPI_SC0C907A888,,,,,,,,,,,,
CPI_SC0C9CBDD21,,,,,,,,,,,,
CPI_SC0CA323AE3,,,,,,,,,,,,
CPI_SC0CA7B34A5,,,,,,,,,,,,
CPI_SC0CBC30AB7,,,,,,,,,,,,
CPI_SC0CCF30377,,,,,,,,,,,,
CPI_SC0CE433AB8,,,,,,,,,,,,
CPI_SC0CE6F5084,,,,,,,,,,,,
CPI_SC0CE851065,,,,,,,,,,,,
CPI_SC0CF621D48,,,,,,,,,,,,
CPI_SC0CFF5E19D,,,,,,,,,,,,
CPI_SC0D089F0A9,,,,,,,,,,,,
CPI_SC0D19BAF15,,,,,,,,,,,,
CPI_SC0D2BDC009,,,,,,,,,,,,
CPI_SC0D5CFA431,,,,,,,,,,,,
CPI_SC0D6C777F2,,,,,,,,,,,,
CPI_SC0D7F33CFB,,,,,,,,,,,,
CPI_SC0D870AE49,,,,,,,,,,,,
CPI_SC0D9B795CC,,,,,,,,,,,,
CPI_SC0DA298BEC,,,,,,,,,,,,
CPI_SC0DA5EFA18,,,,,,,,,,,,
CPI_SC0DAD29856,,,,,,,,,,,,
CPI_SC0DF641DAA,,,,,,,,,,,,
CPI_SC0DF986F22,,,,,,,,,,,,
CPI_SC0E0C50FCA,,,,,,,,,,,,
CPI_SC0E1037D03,,,,,,,,,,,,
CPI_SC0E16B866E,,,,,,,,,,,,
CPI_SC0E2D0DC4B,,,,,,,,,,,,
CPI_SC0E3784FFB,,,,,,,,,,,,
CPI_SC0E4E54E13,,,,,,,,,,,,
CPI_SC0E5218AA4,,,,,,,,,,,,
CPI_SC0E60FEE99,,,,,,,,,,,,
CPI_SC0E8575642,,,,,,,,,,,,
CPI_SC0E9C058EB,,,,,,,,,,,,
CPI_SC0EA3FC100,,,,,,,,,,,,
CPI_SC0EACF2D60,,,,,,,,,,,,
CPI_SC0EAF80261,,,,,,,,,,,,
CPI_SC0EB600CAC,,,,,,,,,,,,
CPI_SC0EB8DC52F,,,,,,,,,,,,
CPI_SC0EB9D030F,,,,,,,,,,,,
CPI_SC0EC380922,,,,,,,,,,,,
CPI_SC0EC4B9BBD,,,,,,,,,,,,
CPI_SC0EC572716,,,,,,,,,,,,
CPI_SC0ECFACED2,,,,,,,,,,,,
CPI_SC0ED0520DD,,,,,,,,,,,,
CPI_SC0EEF3A379,,,,,,,,,,,,
CPI_SC0EFCE145F,,,,,,,,,,,,
CPI_SC0F300DE24,,,,,,,,,,,,
CPI_SC0F486460D,,,,,,,,,,,,
CPI_SC0F4AC5AA2,,,,,,,,,,,,
CPI_SC0F4BC2909,,,,,,,,,,,,
CPI_SC0F516B854,,,,,,,,,,,,
CPI_SC0F590482E,,,,,,,,,,,,
CPI_SC0F73E9099,,,,,,,,,,,,
CPI_SC0F74C069F,,,,,,,,,,,,
CPI_SC0F778DC8E,,,,,,,,,,,,
CPI_SC0F7E26271,,,,,,,,,,,,
CPI_SC0F8101D41,,,,,,,,,,,,
CPI_SC0F8D27FBC,,,,,,,,,,,,
CPI_SC0F94B2CF9,,,,,,,,,,,,
CPI_SC0F9DD28F3,,,,,,,,,,,,
CPI_SC0FA79E269,,,,,,,,,,,,
CPI_SC0FBFA176B,,,,,,,,,,,,
CPI_SC0FC645961,,,,,,,,,,,,
CPI_SC0FDB4B6D9,,,,,,,,,,,,
CPI_SC0FF018913,,,,,,,,,,,,
CPI_SS00046DCF3,,,,,,,,,,,,
CPI_SS000568A0E,,,,,,,,,,,,
CPI_SS0008137B6,,,,,,,,,,,,
CPI_SS00086659A,,,,,,,,,,,,
CPI_SS00150FB64,,,,,,,,,,,,
CPI_SS001BF66E8,,,,,,,,,,,,
CPI_SS003C9A532,,,,,,,,,,,,
CPI_SS004A073E1,,,,,,,,,,,,
CPI_SS004C23DCE,,,,,,,,,,,,
CPI_SS00550260E,,,,,,,,,,,,
CPI_SS00561BBD7,,,,,,,,,,,,
CPI_SS00661A3A4,,,,,,,,,,,,
CPI_SS006C89002,,,,,,,,,,,,
CPI_SS007AA9FDE,,,,,,,,,,,,
CPI_SS008EB600F,,,,,,,,,,,,
CPI_SS008FB916C,,,,,,,,,,,,
CPI_SS00AEC3818,,,,,,,,,,,,
CPI_SS00B1BEE64,,,,,,,,,,,,
CPI_SS00BBA318F,,,,,,,,,,,,
CPI_SS00D153A8A,,,,,,,,,,,,
CPI_SS00F979E99,,,,,,,,,,,,
CPI_SS0110361CB,,,,,,,,,,,,
CPI_SS0111AAD26,,,,,,,,,,,,
CPI_SS012AFC842,,,,,,,,,,,,
CPI_SS012B7C21D,,,,,,,,,,,,
CPI_SS012CCE326,,,,,,,,,,,,
CPI_SS01560CA22,,,,,,,,,,,,
CPI_SS015E1E2C6,,,,,,,,,,,,
CPI_SS016EE0084,,,,,,,,,,,,
CPI_SS0178F5C45,,,,,,,,,,,,
CPI_SS0179FBFD3,,,,,,,,,,,,
CPI_SS019C98396,,,,,,,,,,,,
CPI_SS01A07768A,,,,,,,,,,,,
CPI_SS01A6823FA,,,,,,,,,,,,
CPI_SS01A8F745A,,,,,,,,,,,,
CPI_SS01DCC7684,,,,,,,,,,,,
CPI_SS01E0F2D2C,,,,,,,,,,,,
CPI_SS01ECFDA18,,,,,,,,,,,,
CPI_SS01F67987A,,,,,,,,,,,,
CPI_SS02246DA17,,,,,,,,,,,,
CPI_SS0241A1F57,,,,,,,,,,,,
CPI_SS025C8F785,,,,,,,,,,,,
CPI_SS0273C9AED,,,,,,,,,,,,
CPI_SS02770D68F,,,,,,,,,,,,
CPI_SS027AFFC0E,,,,,,,,,,,,
CPI_SS027CDEA08,,,,,,,,,,,,
CPI_SS027E12A36,,,,,,,,,,,,
CPI_SS028688B7B,,,,,,,,,,,,
CPI_SS0288E42FB,,,,,,,,,,,,
CPI_SS029C6E8FA,,,,,,,,,,,,
CPI_SS02A170A99,,,,,,,,,,,,
CPI_SS02AFCED82,,,,,,,,,,,,
CPI_SS02B285B4D,,,,,,,,,,,,
CPI_SS02B567BC7,,,,,,,,,,,,
CPI_SS02B7540B0,,,,,,,,,,,,
CPI_SS02D18D12B,,,,,,,,,,,,
CPI_SS02D7A1DDE,,,,,,,,,,,,
CPI_SS02EF3E1BA,,,,,,,,,,,,
CPI_SS02FBD007E,,,,,,,,,,,,
CPI_SS03098AC28,,,,,,,,,,,,
CPI_SS030BB46BB,,,,,,,,,,,,
CPI_SS0315F51DD,,,,,,,,,,,,
CPI_SS03165AD8C,,,,,,,,,,,,
CPI_SS03188FD02,,,,,,,,,,,,
CPI_SS0320FFAFC,,,,,,,,,,,,
CPI_SS0322747C2,,,,,,,,,,,,
CPI_SS032E9A219,,,,,,,,,,,,
CPI_SS03339363E,,,,,,,,,,,,
CPI_SS0339AE950,,,,,,,,,,,,
CPI_SS033A27302,,,,,,,,,,,,
CPI_SS033E6DE7E,,,,,,,,,,,,
CPI_SS0348B76E5,,,,,,,,,,,,
CPI_SS035E5A708,,,,,,,,,,,,
CPI_SS036437279,,,,,,,,,,,,
CPI_SS037E6BEDF,,,,,,,,,,,,
CPI_SS03859E16F,,,,,,,,,,,,
CPI_SS039799099,,,,,,,,,,,,
CPI_SS039863E62,,,,,,,,,,,,
CPI_SS03A0C857B,,,,,,,,,,,,
CPI_SS03A2EFDD5,,,,,,,,,,,,
CPI_SS03C51D352,,,,,,,,,,,,
CPI_SS03CC15FF3,,,,,,,,,,,,
CPI_SS03E273233,,,,,,,,,,,,
CPI_SS03E450F99,,,,,,,,,,,,
CPI_SS03E7587E4,,,,,,,,,,,,
CPI_SS03EACE0E0,,,,,,,,,,,,
CPI_SS03EF699C7,,,,,,,,,,,,
CPI_SS03F821467,,,,,,,,,,,,
CPI_SS0412C803A,,,,,,,,,,,,
CPI_SS041888D39,,,,,,,,,,,,
CPI_SS0423580E5,,,,,,,,,,,,
CPI_SS04293B7DA,,,,,,,,,,,,
CPI_SS042A6F835,,,,,,,,,,,,
CPI_SS04318D03E,,,,,,,,,,,,
CPI_SS0431D2256,,,,,,,,,,,,
CPI_SS04456F441,,,,,,,,,,,,
CPI_SS044C72D0D,,,,,,,,,,,,
CPI_SS045A5FC60,,,,,,,,,,,,
CPI_SS046F6F0C1,,,,,,,,,,,,
CPI_SS0470AF83E,,,,,,,,,,,,
CPI_SS047232C64,,,,,,,,,,,,
CPI_SS0481D83A4,,,,,,,,,,,,
CPI_SS048242083,,,,,,,,,,,,
CPI_SS04A5D6B6F,,,,,,,,,,,,
CPI_SS04B4619D0,,,,,,,,,,,,
CPI_SS04BE14432,,,,,,,,,,,,
CPI_SS04C672963,,,,,,,,,,,,
CPI_SS04C8BC444,,,,,,,,,,,,
CPI_SS04E690D72,,,,,,,,,,,,
CPI_SS04EE957D8,,,,,,,,,,,,
CPI_SS04F90EE0D,,,,,,,,,,,,
CPI_SS05162C56B,,,,,,,,,,,,
CPI_SS052127A00,,,,,,,,,,,,
CPI_SS052B38F1C,,,,,,,,,,,,
CPI_SS052BBD9F9,,,,,,,,,,,,
CPI_SS052D34F0B,,,,,,,,,,,,
CPI_SS053613259,,,,,,,,,,,,
CPI_SS055B305F1,,,,,,,,,,,,
CPI_SS056FF4363,,,,,,,,,,,,
CPI_SS0579FA162,,,,,,,,,,,,
CPI_SS0586F2596,,,,,,,,,,,,
CPI_SS059CC19A3,,,,,,,,,,,,
CPI_SS05A26A1DE,,,,,,,,,,,,
CPI_SS05A94DE17,,,,,,,,,,,,
CPI_SS05B4EB419,,,,,,,,,,,,
CPI_SS05B7D3407,,,,,,,,,,,,
CPI_SS05CE87F88,,,,,,,,,,,,
CPI_SS05D7900BF,,,,,,,,,,,,
CPI_SS05E4B1EBC,,,,,,,,,,,,
CPI_SS05E63FBEC,,,,,,,,,,,,
CPI_SS05E6D620E,,,,,,,,,,,,
CPI_SS05FEE05CB,,,,,,,,,,,,
CPI_SS0607D1101,,,,,,,,,,,,
CPI_SS060B82BBC,,,,,,,,,,,,
CPI_SS061A7E099,,,,,,,,,,,,
CPI_SS06207F70E,,,,,,,,,,,,
CPI_SS062307CFE,,,,,,,,,,,,
CPI_SS0659DBE72,,,,,,,,,,,,
CPI_SS066FBE098,,,,,,,,,,,,
CPI_SS066FE05CA,,,,,,,,,,,,
CPI_SS067BA9202,,,,,,,,,,,,
CPI_SS0698C4DC4,,,,,,,,,,,,
CPI_SS06AA638A8,,,,,,,,,,,,
CPI_SS06ABF2F5A,,,,,,,,,,,,
CPI_SS06B0861F1,,,,,,,,,,,,
CPI_SS06BC4D123,,,,,,,,,,,,
CPI_SS06C0074BD,,,,,,,,,,,,
CPI_SS06CBC985C,,,,,,,,,,,,
CPI_SS06D13FCD3,,,,,,,,,,,,
CPI_SS06F83AE58,,,,,,,,,,,,
CPI_SS07327E587,,,,,,,,,,,,
CPI_SS073811AB3,,,,,,,,,,,,
CPI_SS073C1B796,,,,,,,,,,,,
CPI_SS074CF011C,,,,,,,,,,,,
CPI_SS0755A26DD,,,,,,,,,,,,
CPI_SS0762B455F,,,,,,,,,,,,
CPI_SS076FEB261,,,,,,,,,,,,
CPI_SS077D7365D,,,,,,,,,,,,
CPI_SS079728E8B,,,,,,,,,,,,
CPI_SS079EF5D9C,,,,,,,,,,,,
CPI_SS07AB1C381,,,,,,,,,,,,
CPI_SS07BECB892,,,,,,,,,,,,
CPI_SS07CA5A6F1,,,,,,,,,,,,
CPI_SS07D9A48A2,,,,,,,,,,,,
CPI_SS07F015051,,,,,,,,,,,,
CPI_SS07F042076,,,,,,,,,,,,
CPI_SS07F60834D,,,,,,,,,,,,
CPI_SS080683E15,,,,,,,,,,,,
CPI_SS08083B141,,,,,,,,,,,,
CPI_SS08102DC9E,,,,,,,,,,,,
CPI_SS0815A0EE0,,,,,,,,,,,,
CPI_SS0817CE2B3,,,,,,,,,,,,
CPI_SS081AD39D7,,,,,,,,,,,,
CPI_SS0822AEF5F,,,,,,,,,,,,
CPI_SS082ABF1EA,,,,,,,,,,,,
CPI_SS0830C7910,,,,,,,,,,,,
CPI_SS083296041,,,,,,,,,,,,
CPI_SS08376F0E6,,,,,,,,,,,,
CPI_SS0837E9F59,,,,,,,,,,,,
CPI_SS083B5EBAB,,,,,,,,,,,,
CPI_SS084BE3E4B,,,,,,,,,,,,
CPI_SS0855C0353,,,,,,,,,,,,
CPI_SS0859C173B,,,,,,,,,,,,
CPI_SS085EE60B1,,,,,,,,,,,,
CPI_SS0865716E5,,,,,,,,,,,,
CPI_SS086A1C18B,,,,,,,,,,,,
CPI_SS08718E4FB,,,,,,,,,,,,
CPI_SS087321EB5,,,,,,,,,,,,
CPI_SS0879B8E95,,,,,,,,,,,,
CPI_SS087A17AD6,,,,,,,,,,,,
CPI_SS087B53ABF,,,,,,,,,,,,
CPI_SS087BD262F,,,,,,,,,,,,
CPI_SS087E0E3FB,,,,,,,,,,,,
CPI_SS0889E281D,,,,,,,,,,,,
CPI_SS08920B6FF,,,,,,,,,,,,
CPI_SS0898D7F7F,,,,,,,,,,,,
CPI_SS08991B378,,,,,,,,,,,,
CPI_SS08A54963F,,,,,,,,,,,,
CPI_SS08B91FD2A,,,,,,,,,,,,
CPI_SS08B94BEB2,,,,,,,,,,,,
CPI_SS08BFF4F9B,,,,,,,,,,,,
CPI_SS08C3D27F7,,,,,,,,,,,,
CPI_SS08C411721,,,,,,,,,,,,
CPI_SS08D0F9109,,,,,,,,,,,,
CPI_SS08DA48A5A,,,,,,,,,,,,
CPI_SS08E13FAF2,,,,,,,,,,,,
CPI_SS08F13AD5C,,,,,,,,,,,,
CPI_SS08FAC0A55,,,,,,,,,,,,
CPI_SS09000F32A,,,,,,,,,,,,
CPI_SS090FC28E1,,,,,,,,,,,,
CPI_SS0911EECCC,,,,,,,,,,,,
CPI_SS0917CBD53,,,,,,,,,,,,
CPI_SS09185EA8F,,,,,,,,,,,,
CPI_SS09199F78C,,,,,,,,,,,,
CPI_SS092C1B321,,,,,,,,,,,,
CPI_SS0938C6980,,,,,,,,,,,,
CPI_SS093922D5A,,,,,,,,,,,,
CPI_SS093E05DD4,,,,,,,,,,,,
CPI_SS0947A8549,,,,,,,,,,,,
CPI_SS095DCA7F7,,,,,,,,,,,,
CPI_SS095E52E66,,,,,,,,,,,,
CPI_SS09808DEAE,,,,,,,,,,,,
CPI_SS0987A89AE,,,,,,,,,,,,
CPI_SS098EFF959,,,,,,,,,,,,
CPI_SS099C401F7,,,,,,,,,,,,
CPI_SS09AFCF898,,,,,,,,,,,,
CPI_SS09C06644C,,,,,,,,,,,,
CPI_SS09C4FCB90,,,,,,,,,,,,
CPI_SS09CA492BA,,,,,,,,,,,,
CPI_SS09CCC0451,,,,,,,,,,,,
CPI_SS09D379E5B,,,,,,,,,,,,
CPI_SS09E3F5044,,,,,,,,,,,,
CPI_SS09F973C1A,,,,,,,,,,,,
CPI_SS09FAC4977,,,,,,,,,,,,
CPI_SS0A021DB6E,,,,,,,,,,,,
CPI_SS0A19E9C34,,,,,,,,,,,,
CPI_SS0A28DCA72,,,,,,,,,,,,
CPI_SS0A2949959,,,,,,,,,,,,
CPI_SS0A2D7895C,,,,,,,,,,,,
CPI_SS0A34EE366,,,,,,,,,,,,
CPI_SS0A5B945E3,,,,,,,,,,,,
CPI_SS0A5DF05C0,,,,,,,,,,,,
CPI_SS0A76A8E97,,,,,,,,,,,,
CPI_SS0A8627ED6,,,,,,,,,,,,
CPI_SS0A93C11C8,,,,,,,,,,,,
CPI_SS0A9E884E0,,,,,,,,,,,,
CPI_SS0AB0604B5,,,,,,,,,,,,
CPI_SS0AB21032D,,,,,,,,,,,,
CPI_SS0ABD11350,,,,,,,,,,,,
CPI_SS0AC66088D,,,,,,,,,,,,
CPI_SS0ACD487F0,,,,,,,,,,,,
CPI_SS0AD0ED887,,,,,,,,,,,,
CPI_SS0ADA38C78,,,,,,,,,,,,
CPI_SS0ADA587B4,,,,,,,,,,,,
CPI_SS0AE4CF4E7,,,,,,,,,,,,
CPI_SS0AEC33FF1,,,,,,,,,,,,
CPI_SS0AFE077D8,,,,,,,,,,,,
CPI_SS0B01CF3AB,,,,,,,,,,,,
CPI_SS0B01D306C,,,,,,,,,,,,
CPI_SS0B0AC1603,,,,,,,,,,,,
CPI_SS0B0E09B1C,,,,,,,,,,,,
CPI_SS0B186A32C,,,,,,,,,,,,
CPI_SS0B2979A10,,,,,,,,,,,,
CPI_SS0B337B316,,,,,,,,,,,,
CPI_SS0B34CBA4B,,,,,,,,,,,,
CPI_SS0B3829651,,,,,,,,,,,,
CPI_SS0B537DD3F,,,,,,,,,,,,
CPI_SS0B6643F31,,,,,,,,,,,,
CPI_SS0B6F0C894,,,,,,,,,,,,
CPI_SS0B70EB09E,,,,,,,,,,,,
CPI_SS0B784A03E,,,,,,,,,,,,
CPI_SS0B84DAE3D,,,,,,,,,,,,
CPI_SS0B87FE6E0,,,,,,,,,,,,
CPI_SS0B89DD8C1,,,,,,,,,,,,
CPI_SS0B990492C,,,,,,,,,,,,
CPI_SS0B99F22A2,,,,,,,,,,,,
CPI_SS0B9B3870A,,,,,,,,,,,,
CPI_SS0B9DC75DD,,,,,,,,,,,,
CPI_SS0B9E8C0DE,,,,,,,,,,,,
CPI_SS0BA3A1C3A,,,,,,,,,,,,
CPI_SS0BA601DC4,,,,,,,,,,,,
CPI_SS0BAB460FF,,,,,,,,,,,,
CPI_SS0BD5C2A23,,,,,,,,,,,,
CPI_SS0BDC04683,,,,,,,,,,,,
CPI_SS0BDD10277,,,,,,,,,,,,
CPI_SS0BE8BE8E9,,,,,,,,,,,,
CPI_SS0BEAB521F,,,,,,,,,,,,
CPI_SS0BF9FA3F2,,,,,,,,,,,,
CPI_SS0BFD8E056,,,,,,,,,,,,
CPI_SS0C03F7CDC,,,,,,,,,,,,
CPI_SS0C090A257,,,,,,,,,,,,
CPI_SS0C0A61F92,,,,,,,,,,,,
CPI_SS0C10824C7,,,,,,,,,,,,
CPI_SS0C1F25516,,,,,,,,,,,,
CPI_SS0C2437E0D,,,,,,,,,,,,
CPI_SS0C491A3C1,,,,,,,,,,,,
CPI_SS0C4D54E39,,,,,,,,,,,,
CPI_SS0C4FA643F,,,,,,,,,,,,
CPI_SS0C5E9FBFB,,,,,,,,,,,,
CPI_SS0C62E5DD8,,,,,,,,,,,,
CPI_SS0C6311D2D,,,,,,,,,,,,
CPI_SS0C7915758,,,,,,,,,,,,
CPI_SS0C84DF380,,,,,,,,,,,,
CPI_SS0C875BA24,,,,,,,,,,,,
CPI_SS0C9696AAA,,,,,,,,,,,,
CPI_SS0C98C08DA,,,,,,,,,,,,
CPI_SS0CBA3DA0D,,,,,,,,,,,,
CPI_SS0CBAA9BCC,,,,,,,,,,,,
CPI_SS0CBC7840D,,,,,,,,,,,,
CPI_SS0CC5DCE80,,,,,,,,,,,,
CPI_SS0CC738ABC,,,,,,,,,,,,
CPI_SS0CCCF7C69,,,,,,,,,,,,
CPI_SS0CCD89E02,,,,,,,,,,,,
CPI_SS0CCDBBBC0,,,,,,,,,,,,
CPI_SS0CDAC688B,,,,,,,,,,,,
CPI_SS0CF0E4DE9,,,,,,,,,,,,
CPI_SS0D00AAD2F,,,,,,,,,,,,
CPI_SS0D1D95883,,,,,,,,,,,,
CPI_SS0D22A09AD,,,,,,,,,,,,
CPI_SS0D37C7C70,,,,,,,,,,,,
CPI_SS0D41C7AF5,,,,,,,,,,,,
CPI_SS0D46E2B45,,,,,,,,,,,,
CPI_SS0D4BF6CA3,,,,,,,,,,,,
CPI_SS0D53B88CC,,,,,,,,,,,,
CPI_SS0D5DBB634,,,,,,,,,,,,
CPI_SS0D5E30C6C,,,,,,,,,,,,
CPI_SS0D636A374,,,,,,,,,,,,
CPI_SS0D81D9F5E,,,,,,,,,,,,
CPI_SS0D883FFF1,,,,,,,,,,,,
CPI_SS0D954EA1C,,,,,,,,,,,,
CPI_SS0DA366C78,,,,,,,,,,,,
CPI_SS0DBA4D668,,,,,,,,,,,,
CPI_SS0DBA81CCF,,,,,,,,,,,,
CPI_SS0DBFB8BEA,,,,,,,,,,,,
CPI_SS0DC2DD9D7,,,,,,,,,,,,
CPI_SS0DC4D593E,,,,,,,,,,,,
CPI_SS0DCA69916,,,,,,,,,,,,
CPI_SS0DE0A486F,,,,,,,,,,,,
CPI_SS0DF162C10,,,,,,,,,,,,
CPI_SS0DFA98A14,,,,,,,,,,,,
CPI_SS0DFAF1FE2,,,,,,,,,,,,
CPI_SS0E00478B4,,,,,,,,,,,,
CPI_SS0E063192D,,,,,,,,,,,,
CPI_SS0E0DEA7D5,,,,,,,,,,,,
CPI_SS0E1A8414D,,,,,,,,,,,,
CPI_SS0E23CEB91,,,,,,,,,,,,
CPI_SS0E25CE362,,,,,,,,,,,,
CPI_SS0E2863F09,,,,,,,,,,,,
CPI_SS0E292C126,,,,,,,,,,,,
CPI_SS0E41702C1,,,,,,,,,,,,
CPI_SS0E4B1484B,,,,,,,,,,,,
CPI_SS0E61DB5DF,,,,,,,,,,,,
CPI_SS0E63AB61E,,,,,,,,,,,,
CPI_SS0E7D5974D,,,,,,,,,,,,
CPI_SS0E7EDE823,,,,,,,,,,,,
CPI_SS0E9015902,,,,,,,,,,,,
CPI_SS0E9A581F8,,,,,,,,,,,,
CPI_SS0E9F84F1F,,,,,,,,,,,,
CPI_SS0EA05941A,,,,,,,,,,,,
CPI_SS0EAB03260,,,,,,,,,,,,
CPI_SS0EB5AEC83,,,,,,,,,,,,
CPI_SS0EBA5A4D8,,,,,,,,,,,,
CPI_SS0EBFE1854,,,,,,,,,,,,
CPI_SS0ECD9BB5E,,,,,,,,,,,,
CPI_SS0ED2573CA,,,,,,,,,,,,
CPI_SS0EDD062F7,,,,,,,,,,,,
CPI_SS0EDD4928A,,,,,,,,,,,,
CPI_SS0EF1A7415,,,,,,,,,,,,
CPI_SS0F0D7F25C,,,,,,,,,,,,
CPI_SS0F15C1AB3,,,,,,,,,,,,
CPI_SS0F1A060D4,,,,,,,,,,,,
CPI_SS0F21D6CA0,,,,,,,,,,,,
CPI_SS0F33890C0,,,,,,,,,,,,
CPI_SS0F3A089DE,,,,,,,,,,,,
CPI_SS0F4D30D5A,,,,,,,,,,,,
CPI_SS0F52745F3,,,,,,,,,,,,
CPI_SS0F562FEA5,,,,,,,,,,,,
CPI_SS0F5B6B186,,,,,,,,,,,,
CPI_SS0F6B529A1,,,,,,,,,,,,
CPI_SS0F81DBF22,,,,,,,,,,,,
CPI_SS0F8C2FA91,,,,,,,,,,,,
CPI_SS0F94547B2,,,,,,,,,,,,
CPI_SS0F972435E,,,,,,,,,,,,
CPI_SS0F9D53834,,,,,,,,,,,,
CPI_SS0FA7A69D9,,,,,,,,,,,,
CPI_SS0FAF4BB9E,,,,,,,,,,,,
CPI_SS0FB5FE587,,,,,,,,,,,,
CPI_SS0FC01B947,,,,,,,,,,,,
CPI_SS0FC42EC80,,,,,,,,,,,,
CPI_SS0FDAB7BA8,,,,,,,,,,,,
CPI_SS0FEEB187C,,,,,,,,,,,,
CPI_SS0FF49C823,,,,,,,,,,,,
CPI_SS0FF51A757,,,,,,,,,,,,
CPI_SS0FF55B42C,,,,,,,,,,,,
CPI_SS0FF6CFDCA,,,,,,,,,,,,